model,total
(W) 조던 1 x 트래비스 스캇 레트로 로우 OG SP 카나리,2523
나이키 에어포스 1 '07 WB 플랙스,698
나이키 V2K 런 서밋 화이트 메탈릭 실버,1944
나이키 x 보디 아스트로그래버 SP 블랙 앤 코코넛 밀크,126
나이키 V2K 런 퓨어 플래티넘 울프 그레이,861
뉴발란스 530 화이트 실버,3359
아식스 언리미티드 젤 카야노 14 캐리어 그레이 블랙,3893
아디다스 삼바 OG 블랙 화이트 검,991
버켄스탁 보스턴 소프트 풋베드 토프 - 레귤러,111
우포스 오리지날 블랙,249
뉴발란스 1906R 하버 그레이 실버 메탈릭,211
나이키 V2K 런 메탈릭 실버 화이트,1635
나이키 에어포스 1 '07 로우 트리플 블랙,16412
나이키 에어 줌 스피리돈 케이지 2 메탈릭 실버,1699
나이키 줌X 베이퍼플라이 넥스트% 3 화이트 그레이,4796
(W) 아디다스 스페지알 핸드볼 클리어 핑크,445
아식스 조그 100 S 화이트 블랙 - 2E 와이드 (한국 한정),331
크록스 바야밴드 클로그 화이트 네이비,2684
(W) 조던 1 x 트래비스 스캇 레트로 로우 OG SP 미디움 올리브,1542
(W) 나이키 에어포스 1 '07 로우 화이트,21495
나이키 P-6000 메탈릭 실버,514
뉴발란스 530 프리미엄 빈티지 그레이 매터,2565
아디다스 슈퍼스타 코어 블랙 화이트,9935
아디다스 아딜렛 클로그 블랙 화이트,170
(W) 나이키 줌 보메로 5 포톤 더스트 앤 메탈릭 실버,1373
휠라 에샤페 MS 그레이 화이트,139
(W) 나이키 줌 보메로 5 코블스톤 앤 플랫 퓨터,1427
클락스 왈라비 메이플 스웨이드,556
나이키 캄 슬라이드 블랙,155
나이키 에어포스 1 '07 코코넛 밀크,16734
아디다스 스페지알 핸드볼 코어 블랙,1200
아식스 언리미티드 젤 카야노 14 화이트 펀,2106
킨 샨티 블랙 던 블루,185
조던 11 레트로 그래티튜드,231
리복 x 니들스 비트닉 베이지,100
살로몬 RX 슬라이드 3.0 블랙 플럼 키튼,164
아식스 조그 100 S 시트 락 - 2E 와이드,750
오니츠카 타이거 멕시코 66 화이트 라이트 세이지,4202
나이키 V2K 런 화이트 퍼,1721
아디다스 이지 폼 러너 믹스 그래닛,167
(W) 아디다스 디오나 2.0 화이트 그레이 투,532
휠라 인터런 핑크 블랙,57
(W) 아식스 젤 1130 크림 퓨어 실버,1764
나이키 에어포스 1 '07 화이트 블랙,71130
(W) 아디다스 가젤 볼드 크림 화이트 컬리지에이트 그린,549
아식스 언리미티드 젤소노마 15-50 스틸 그레이 퓨어 실버,1583
아식스 젤 벤쳐 6 SPS 버치 프렌치 블루,561
(W) 아디다스 삼바 OG 코어 블랙 원더 화이트,4752
뉴발란스 860v2 화이트 블랙,29989
나이키 x 슈프림 SB 다윈 로우 화이트,2708
버켄스탁 보스턴 소프트 풋베드 토프 - 내로우,79
아디다스 슈퍼스타 화이트 블랙,45612
조던 1 x 트래비스 스캇 레트로 로우 OG SP 블랙 팬텀,4988
(W) 아디다스 가젤 인도어 블루 퓨전 클라우드 화이트,1262
뉴발란스 1906R 화이트 골드,4698
아식스 조그 100 S 블랙 - 2E 와이드,1133
아디다스 x 스포티 앤 리치 스페지알 핸드볼 어번 크림 화이트,798
아디다스 삼바 OG 컬리지에이트 그린,271
뉴발란스 991 메이드 인 UK 네이비,1496
나이키 코르테즈 SE 한글날 바로크 브라운 세일,171
문스타 810s ET027 마르크 모디 화이트,156
나이키 에어포스 1 '07 블랙 화이트,71130
호카 본디 8 블랙 - 와이드,1880
나이키 에어맥스 97 트리플 화이트 울프 그레이,28170
(W) 나이키 샥스 R4 블랙 2024,41
아디다스 토바코 그루엔 크림 화이트 블리스,183
조던 1 로우 SE 워시드 데님,197
아디다스 가젤 다크 그린 크림 화이트,1163
아디다스 이지 부스트 350 V2 본,9387
아디다스 가젤 독일 오프 화이트 유틸리티 블랙,17
(W) 에르메스 오란 샌들 카프스킨 & 골드 피케르 에크루즈,13
(W) 아디다스 삼배 화이트 블랙,17
크록스 클래식 크러쉬 클로그 블랙,4146
뉴발란스 725 그레이,475
호카 호파라 화이트,358
나이키 x 슈프림 SB 다윈 로우 블랙,2600
GU 리얼 레더 모카신 슈즈 블랙,159
아식스 젤 1130 버치 다크 토프 - 한국 한정,227
아식스 젤 벤쳐 6 밍크 바닐라,53
아식스 젤 카야노 14 블랙 실 그레이,3602
(W) 아디다스 스페지알 핸드볼 원더 화이트 코어 블랙,1974
아디다스 이지 부스트 350 V2 오닉스,8719
조던 1 로우 까치,231
(W) 아식스 젤 카야노 14 화이트 문락,458
호카 오라 리커버리 플립 블랙,227
나이키 덩크 로우 프로 프리미엄 미디움 커리,961
나이키 P-6000 프리미엄 트리플 블랙,2037
아디다스 이지 부스트 350 V2 벨루가 - 리플렉티브,9578
나이키 필드 제너럴 82 SP 화이트 바시티 레드,604
메종 미하라 야스히로 블레이키 OG 솔 캔버스 로우탑 스니커즈 화이트,990
나이키 줌 보메로 5 화이트 썬더 블루,3748
크록스 바야밴드 클로그 윈터 화이트 멀티,2190
살로몬 XT-6 고어텍스 블랙 실버,952
문스타 810s ET027 마르크 모디 차콜,137
(W) 나이키 샥스 R4 블랙 2024,41
아식스 젤 1130 버치 다크 토프 - 한국 한정,227
아디다스 이지 부스트 350 V2 벨루가 - 리플렉티브,9578
아식스 x 키스 젤 카야노 14 크림 스카라브,3257
조던 1 로우 라이트 스모크 그레이,2912
이지 YZY 팟 블랙,1
(W) 아디다스 스페지알 핸드볼 알루미늄 코어 블랙,527
아디다스 스페지알 핸드볼 코어 블루 크림 화이트,257
푸마 팔레르모 알파인 스노우 화이트,19
나이키 P-6000 프리미엄 트리플 블랙,2037
나이키 x 피스마이너스원 에어포스 1 로우 파라노이즈 2.0,3113
나이키 에어 줌 알파플라이 넥스트% 3 프로토 화이트 토탈 오렌지,1131
뉴발란스 1906R 실버 메탈릭,310
아디다스 아디폼 슈퍼스타 코어 화이트,1260
나이키 덩크 로우 레트로 프리미엄 유니버시티 레드 블랙,12343
푸마 팔레르모 스페셜 핑크 딜라이트 그린,114
반스 어센틱 44 DX 애너하임 팩토리 에메랄드 그린,801
나이키 x 퓨츄라 래버러토리 SB 덩크 로우 OG QS 화이트 앤 지오드 틸,126
(W) 끌로에 우디 플랫 뮬 화이트,175
메종 미하라 야스히로 블레이키 OG 솔 캔버스 로우탑 스니커즈 화이트,990
아디다스 x 웨일스 보너 SL76 애쉬 블루 코어 블랙,328
(W) 나이키 코르테즈 화이트 플래티넘 바이올렛,65
나이키 코트 비전 로우 세일 라이트 오어우드 브라운,757
크록스 바야밴드 클로그 블랙 화이트,5870
나이키 에어 쿠키니 필그림 세쿼이아,8
뉴발란스 574 헤리티지 오렌지 버스트 화이트,209
우포스 클로그 블랙,317
(W) 아디다스 가젤 볼드 그레이 클라우드 화이트,1079
뉴발란스 530 베이지 앙고라,68
아식스 젤 벤쳐 6 밍크 바닐라,53
아식스 조그 100 S SMU 시트 락 퓨어 실버 - 2E 와이드,320
나이키 ACG 마운틴 플라이 2 로우 블랙,518
크록스 클래식 클로그 블랙,3321
컨버스 척 테일러 올스타 로우 블랙,10224
호카 호파라 2 블랙,413
뉴발란스 530 화이트 민트,381
아식스 젤 소노마 15-50 오이스터 그레이,1925
나이키 V2K 런 라이트 본 메탈릭 플래티넘,296
나이키 킬샷 2 레더 세일 오일 그레이 검,1971
나이키 이니시에이터 화이트 옵시디언 메탈릭 쿨 그레이,24
크록스 스톰프 클로그 블랙,110
아식스 x 키스 젤 1130 크림 스카라브,365
아디다스 이지 슬라이드 슬레이트 그레이,81
크록스 크록밴드 클로그 화이트,6999
아디다스 VL 코트 베이스 클라우드 화이트 컬리지에이트 그린,256
아디다스 버뮤다 원더 화이트,142
크록스 클래식 메탈릭 클로그 실버,694
(W) 나이키 코르테즈 화이트 유니버시티 블루,566
아디다스 삼바 OG 로얄 블루,51
(W) 나이키 덩크 로우 블랙,18661
살로몬 XT-6 익스팬스 블랙 에보니,488
(W) 아식스 젤 카야노 14 크림 페퍼,2060
아디다스 스페지알 핸드볼 프리러브 그린 크림 화이트,504
뉴발란스 725 그레이,475
뉴발란스 1906R 리커리쉬,9
(W) 킨 샨티 화이트 블랙,11
푸마 x 오픈 Yy 스피드캣 프레리 탄 매트 실버,309
나이키 덩크 로우 SP 화이트 앤 유니버시티 레드 2023,2650
뉴발란스 2002R 이클립스 캐슬락,55
뉴발란스 410v5 블랙 - 2E 와이드,231
크록스 바야밴드 클로그 윈터 화이트 멀티,2190
아식스 젤 1130 오이스터 그레이 클레이 그레이,500
뉴발란스 2002R T2 그레이,58
아디다스 x 풋 인더스트리 가젤 인도어 오프 화이트 샌드 스트라타,41
아디다스 버뮤다 컬리지 버건디,19
아디다스 컨트리 OG 매트 실버 브라이트 블루,349
(W) 킨 뉴포트 H2 모노크롬 사파리,15
(W) 나이키 줌 보메로 5 울프 그레이 앤 블랙,3002
(W) 아디다스 아디폼 스탠 스미스 뮬 코어 블랙,783
살로몬 XT-4 화이트 루나 록,305
뉴발란스 990v6 메이드 인 USA 그레이 - D 스탠다드,1343
뉴발란스 574 헤리티지 네이비,749
반스 어센틱 레드,3128
나이키 코비 6 프로트로 리버스,460
(W) 나이키 코르테즈 화이트 레드 스타더스트,200
아디다스 삼바 OG 화이트 그린,4683
뉴발란스 530 클래식 그레이,1336
조던 1 레트로 로우 OG 블랙 앤 다크 파우더 블루,3719
아디다스 아딜렛 22 알루미늄,30
미즈노 웨이브 프로페시 MOC 블랙,83
나이키 줌X 베이퍼플라이 넥스트% 3 화이트 딥 정글,594
버켄스탁 보스턴 소프트 풋베드 스웨이드 레더 블랙 - 레귤러,592
푸마 팔레르모 코발트 글레이즈 화이트,81
(W) 조던 1 로우 블랙 앤 화이트,2491
나이키 x 피스마이너스원 퀀도1 화이트,10254
메종 미하라 야스히로 피터슨 OG 솔 캔버스 로우탑 스니커즈 내츄럴,761
아식스 조그 100 T 블랙 - 4E 엑스트라 와이드,976
나이키 P-6000 라이트 본 메탈릭 실버,705
아디다스 이지 슬라이드 슬레이트 마린,72
오클리 팩토리 팀 x 브레인 데드 플래시 화이트 버치,245
나이키 줌 보메로 5 SE 라이트 오어우드 브라운,821
(W) 나이키 x 트래비스 스캇 에어포스 1 '07 로우 캑터스 잭 유토피아 에디션 화이트,478
나이키 x 자크뮈스 J 포스 1 로우 LX SP 화이트,992
토앤토 플립플랍 제로비티 바이오 블랙,504
아디다스 토바코 그루엔 메사 브라운 데저트,211
조던 1 레트로 로우 OG 유니버시티 레드,7063
나이키 코르테즈 화이트 블랙,865
(W) 아디다스 가젤 볼드 핑크 글로우 빅토리 블루,986
아디다스 삼바 OG 오렌지 러쉬,305
(GS/PS) 나이키 에어 리프트 블랙 화이트,259
뉴발란스 x 포터리 574 프리미엄 소프트 그레이,461
(GS) 나이키 코르테즈 베이직 SL 화이트 블랙,393
(W) 나이키 에어맥스 코코 샌들 화이트,583
나이키 코르테즈 블랙 화이트,940
나이키 덩크 로우 레트로 화이트 폴라 블루,7762
닥터마틴 1461 스무스 블랙,792
조던 1 로우 월드 메이크 재팬,112
나이키 P-6000 퓨어 플래티넘,77
컨버스 x 플레이 꼼데가르송 척 70 로우 블랙,8185
나이키 에어 줌 페가수스 40 엘리우드 킵초게,818
아디다스 아딜렛 22 샌드 스트라타,55
오트리 메달리스트 로우 레더 스니커즈 화이트,856
나이키 야니스 이모탈리티 3 EP 화이트 라이트 포토 블루,482
(W) 크록스 클래식 플랫폼 클로그 화이트,1278
크록스 에코 클로그 애트모스피어,77
조던 11 레트로 콩코드 2018,1520
나이키 ACG 워터캣+ 팬텀,27
(W) 나이키 에어 리프트 브리드 블랙,802
아디다스 x 웨일스 보너 SL76 옐로우 코어 블랙,733
(W) 아디다스 가젤 볼드 클리어 스카이 화이트,282
(W) 나이키 코르테즈 골지 그린 앤 말라카이트,189
아식스 조그 100 S SMU 글레이셔 그레이 퓨어 실버 - 2E 와이드,319
아식스 젤 벤쳐 6 SPS 글레이셔 그레이,934
나이키 줌 보메로 5 라이트 본 앤 블랙,3869
나이키 에어포스 1 '07 프레쉬 화이트,6259
아식스 젤 카야노 14 화이트 말라카이트 그린,2351
아식스 라이프워커 101 블랙 차콜 그레이 - 3E 와이드,241
(W) 나이키 에어포스 1 '07 카카오 와우,2304
아디다스 이지 폼 러너 카본,2078
나이키 덩크 로우 레트로 넥스트 네이쳐 바로크 브라운 화이트,787
나이키 이니시에이터 메탈릭 실버 블랙,4222
아식스 x 언어펙티드 젤 카야노 14 실버 문,1261
나이키 x 톰 삭스 제너럴 퍼포즈 슈 브라운,1714
뉴발란스 574 레거시 블랙 앙고라,1722
(W) 킨 재스퍼 캔버스 스니커즈 내츄럴 블랙 올리브,212
아디다스 스페지알 핸드볼 스칼렛 클라우드 화이트,175
우포스 x 타카히로미야시타 더 솔로이스트 더 데이 더 홀 월드 웬 어웨이 클로그 블랙,47
오니츠카 타이거 멕시코 66 화이트 실버,5681
(W) 나이키 줌 보메로 5 오트밀,899
크록스 바야 클로그 화이트,2485
나이키 덩크 로우 레트로 울프 그레이,3214
닥터마틴 마일즈 샌들 블랙,402
나이키 에어포스 1 '07 프레쉬 블랙,4540
나이키 줌 머큐리얼 베이퍼 15 프로 TF 레몬에이드 블랙,1349
나이키 에어포스 1 '07 LX 오일 그린,2567
(W) 나이키 덩크 로우 프리미엄 미드나잇 네이비 앤 화이트,1773
나이키 x 스투시 에어 페니 2 블랙,12203
아디다스 슈퍼스타 82 오프 화이트 다크 그린,10412
나이키 x 톰 삭스 제너럴 퍼포즈 슈 라이트 크림,1098
아디다스 슈퍼스타 82 화이트 블랙,9366
(W) 나이키 코르테즈 SE 밸런타인데이 세일 어도비,55
나이키 줌X 베이퍼플라이 넥스트% 3 하이퍼 핑크,2621
호카 호파라 쉬프팅 샌드 듄,126
(W) 아디다스 가젤 볼드 코어 블랙 클라우드 화이트,544
아디다스 아딜렛 22 카본,44
살로몬 XT-윙스 2 ADV 블랙,433
나이키 에어 줌 페가수스 40 플래티넘 틴트 화이트,2939
(W) 나이키 이니시에이터 메탈릭 실버 아이스 블루,22
아식스 x 아트모스 x 오호스 젤 1130 RE 글레이셔 그레이 퓨어 실버,289
뉴발란스 574 레거시 블랙,1615
반스 볼트 OG 어센틱 LX 레드,555
뉴발란스 860v2 메탈릭 실버,100
(W) 나이키 코르테즈 블랙 앤 세일,678
크록스 듀엣 맥스 II 클로그 스투코,106
아디다스 스페지알 핸드볼 코어 블랙 화이트,534
조던 1 레트로 로우 OG 쉐도우,3727
(W) 조던 1 로우 앤트러사이트 세일,249
아식스 젤 벤쳐 6 SPS 페퍼 블랙,949
오니츠카 타이거 멕시코 66 슬립온 옐로우 블랙,989
아디다스 가젤 컬리지에이트 네이비,439
아식스 젤 퀀텀 키네틱 그래파이트 그레이 블랙,328
아식스 노바블라스트 4 블랙 그래파이트 그레이 - 2E 와이드,163
조던 4 레트로 브레드 리이매진드,809
(W) 나이키 덩크 로우 빈티지 블랙 앤 화이트,630
아디다스 가젤 인도어 컬리지에이트 그린,261
나이키 에어 줌 페가수스 40 블랙 아이언 그레이,1268
살로몬 XA 프로 3D 블랙 마그넷,106
컨버스 척 70 로우 파치먼트,5096
아디다스 시티 마라톤 PT 베이지 네이비,255
살로몬 XT-윙스 2 루나 락 그레이,303
아식스 윈잡 CP215 블랙,11
나이키 x 티파니 앤 코 에어포스 1 로우 SP 1837,2776
나이키 줌 보메로 5 SP 앤트러사이트 2023,1076
아디다스 삼바 비건 화이트 블랙,569
에르메스 바운싱 스니커즈 카프스킨 스웨이드 고트스킨 & 블랑,24
크록스 클래식 클로그 화이트,3250
아식스 젤 1130 화이트 샤크 스킨,65
나이키 줌 플라이 5 엘리우드 킵초게,444
나이키 리액트X 인피니티 런 4 화이트,2617
아식스 젤 퀀텀 키네틱 미드 그레이 퓨어 실버,1401
나이키 코르테즈 화이트 캠프파이어 오렌지,547
아디다스 x 스포티 앤 리치 삼바 OG 클라우드 화이트 컬리지에이트 버건디,210
(W) 킨 재스퍼 스웨이드 스니커즈 실버 밍크,113
(W) 조던 1 로우 UNC 유니버시티 블루,2695
아식스 x 키스 GT-2160 크림 스카라브,166
조던 3 x 제이 발빈 레트로 SP 리오,926
아식스 GT-2160 화이트 퍼티,422
(W) 나이키 코르테즈 빈티지 블랙 세일,247
뉴발란스 990v6 메이드 인 USA 블랙 화이트,8633
나이키 x 피스마이너스원 에어포스 1 로우 파라노이즈,5443
푸마 x 오픈 Yy 스피드캣 위스프 오브 핑크 캐모마일,320
아식스 메타스피드 스카이 파리 선라이즈 레드 블랙,874
(W) 호카 호파라 2 블랙,604
클락스 왈라비 블랙 스웨이드,646
버켄스탁 보스턴 소프트 풋베드 모카 - 레귤러,136
(W) 나이키 코트 비전 알타 화이트,338
살로몬 x 샌디 리앙 RX 모크 3.0 블랙 화이트,188
뉴발란스 2002R 프리미엄 빈티지 블랙,1420
아디다스 아디폼 슈퍼스타 코어 블랙 클라우드 화이트,13113
크록스 바야 클로그 블랙,2315
아디다스 이지 부스트 350 V2 지브라 2022/2023,9780
(W) 나이키 에어 줌 알파플라이 넥스트% 3 볼트,12245
나이키 터미네이터 하이 유니버시티 레드 앤 화이트,39
(W) 컨버스 척 테일러 올스타 리프트 로우 화이트 블랙,5638
(W) 아식스 x 에미 젤 NYC 화이트 허들 옐로우,51
오니츠카 타이거 토쿠텐 번트 그린,4
아디다스 삼바 OG 나이트 네이비 크림 화이트,1832
나이키 에어포스 1 '07 LV8 로우 트리플 레드,11939
(W) 나이키 P-6000 트리플 블랙,1050
반스 슬립온 체커보드,5742
(W) 나이키 코르테즈 TXT 소프트 옐로우 코코넛 밀크,21
(W) 아디다스 스페지알 핸드볼 원더 실버 오프 화이트,94
나이키 x 빌리 아일리시 에어 알파 포스 88 블랙 앤 화이트,2031
(W) 킨 샨티 펀 메를로,10
(W) 아식스 젤 카하나 8 화이트 핑크,42
뉴발란스 530 실버 그레이,2645
메종 미하라 야스히로 피터슨 OG 솔 캔버스 로우 스니커즈 화이트,1189
크록스 에코 클로그 스투코,54
조던 1 x 트래비스 스캇 레트로 로우 골프 NRG 뉴트럴 올리브,1563
(W) 아디다스 가젤 인도어 볼드 오렌지 클라우드 화이트,1136
아식스 노바블라스트 4 화이트,1105
크록스 x 나루토 클래식 클로그 카카시,29
(W) 조던 1 엘리베이트 로우 화이트 앤 울프 그레이,3129
오클리 엣지 아이콘 블랙아웃,8
뉴발란스 574 헤리티지 그래스 그린,249
(W) 나이키 P-6000 메탈릭 서밋 화이트,235
(W) 나이키 에어 리프트 브리드 화이트,861
조던 1 레트로 하이 OG 유니버시티 블루,10695
컨버스 원스타 프로 클래식 스웨이드 팬텀 바이올렛,101
반스 뉴스쿨 블랙 트루 화이트,867
아디다스 아딜렛 클로그 올모스트 핑크,185
나이키 x 슈프림 에어포스 1 로우 바로크 브라운,10930
아디다스 아디폼 슈퍼스타 뮬 코어 블랙,171
조던 1 레트로 하이 OG 옐로우 오커,7671
나이키 코르테즈 미드나잇 네이비,150
뉴발란스 574 레거시 그레이,1412
(W) 골든구스 슈퍼스타 화이트 실버탭 스니커즈,15609
아식스 x 니들스 젤 NYC 블랙 퍼플,13
조던 1 x 트로피 룸 레트로 로우 OG SP 세일 바시티 레드,627
(W) 아디다스 가젤 볼드 트루 핑크 그린,760
아디다스 스페지알 핸드볼 쉐도우 브라운 화이트,56
아디다스 이지 부스트 350 V2 카본 벨루가,9257
리복 클럽씨 85 빈티지 레트로 화이트,134
나이키 에어맥스 97 OG 실버불렛 2022,9369
버켄스탁 애리조나 에센셜 에바 블랙 - 레귤러,37
뉴발란스 996 그레이,1544
(W) 나이키 P-6000 레이저 블루,179
아식스 x 키코 코스타디노브 젤 퀀텀 지엔치아 화이트 블루,223
나이키 코르테즈 바시티 레드 화이트 & 블루,64
(W) 아디다스 삼바 OG 클라우드 화이트 실버 그린,2713
(W) 조던 1 로우 듄 레드 블루 그레이,806
나이키 줌X 베이퍼플라이 넥스트% 3 프로토타입 화이트,3893
(W) 나이키 코르테즈 미드나잇 네이비,468
오니츠카 타이거 멕시코 66 SD 크림 버치,701
조던 1 미드 라이트 스모크 그레이 앤트러사이트,2812
뉴발란스 991 메이드 인 UK 그레이,2402
나이키 x 꼼데가르송 옴므 플러스 ACG 마운틴 플라이 2 로우 블랙 화이트,878
나이키 에어 줌 알파플라이 넥스트% 2 엘리우드 킵초게,1638
나이키 리액트X 인피니티 런 4 화이트 라이트 레몬 트위스트,270
나이키 에어 베이퍼맥스 2023 플라이니트 퓨어 플래티넘,6405
(W) 에르메스 오란 샌들 카프스킨 & 누아 피케르 에크루즈,1
나이키 줌 머큐리얼 베이퍼 15 프로 TF 하이퍼 터콰이즈 푸시아 드림,486
아디다스 이지 슬라이드 아주르,102
푸마 스피드캣 LS 블랙 화이트,390
아디다스 스페지알 핸드볼 오프 화이트 실버 그린,93
살로몬 RX 모크 3.0 바닐라 아이스,221
나이키 프리미어 3 TF 블랙 화이트,385
나이키 x 마틴 로즈 샥스 MR4 블랙,549
아디다스 가젤 컬리지에이트 버건디,406
조던 1 로우 골프 울프 그레이,2717
아디다스 삼바 OG 카드보드 초크 화이트,372
뉴발란스 x JJJ자운드 2002R 고어텍스 차콜,138
아디다스 x 키스 스페지알 핸드볼 아마존 그린,131
(W) 나이키 코트 비전 로우 화이트 팀 레드,5608
킨 재스퍼 락스 SP 스니커즈 베이지,151
나이키 덩크 로우 레트로 챔피언쉽 코트 퍼플,2154
(W) 나이키 샥스 TL 블랙 앤 맥스 오렌지,1866
뉴발란스 860v2 블랙 그레이,115
아디다스 x 웨일스 보너 포니 토널 삼바 크림 화이트 미스테리 브라운,308
아식스 젤 벤쳐 6 화이트 블랙,1671
크록스 바야밴드 클로그 윈터 화이트 멀티,2190
(W) 헌터 오리지널 톨 레인 부츠 블랙,1766
호카 오라 리커버리 플립 블랙,227
크록스 스톰프 클로그 블랙,110
나이키 킬샷 2 레더 세일 오일 그레이 검,1971
(W) 아디다스 가젤 밸런타인데이 퍼티 모브 아이보리 - 풋락커 한정,3
살로몬 RX 메리 제인 바닐라 아이스,82
(W) 아디다스 아디폼 슈퍼스타 부츠 블랙,259
(W) 나이키 에어포스 1 '07 LX 게임 로얄 세일,920
아디다스 슈퍼스타 82 화이트 알루미늄,707
아식스 젤 1130 화이트 샤크 스킨,65
조던 1 미드 라이트 스모크 그레이,2714
푸마 팔레르모 블랙 화이트,74
(W) 나이키 코르테즈 화이트 레드 스타더스트,200
(W) 킨 재스퍼 락스 SP 스니커즈 베이지,173
아디다스 x 송 포 더 뮤트 컨트리 OG 코어 블랙 코어 화이트,946
나이키 에어포스 1 '07 LX 오일 그린,2567
나이키 캄 슬라이드 블랙,155
(W) 아디다스 가젤 볼드 그레이 클라우드 화이트,1079
(W) 호카 호파라 2 블랙,604
나이키 줌 보메로 5 SP 블랙,2365
나이키 P-6000 플랫 퓨터 라이트 아이언 오어,338
(키즈) 뉴발란스 프리들 920 샌들 그레이,91
아식스 x 언어펙티드 젤 카야노 14 실버 문,1261
크록스 x 살레헤 벰버리 폴렉스 클로그 오르차타,374
메종 미하라 야스히로 블레이키 OG 솔 캔버스 로우탑 스니커즈 블랙 화이트,797
아디다스 삼바 OG 프리러브 브라운 원더 화이트,606
오클리 팩토리 팀 x 브레인 데드 찹 쏘우 뮬 노마드,63
나이키 덩크 로우 쿨 그레이 화이트,17275
아디다스 삼바 ADV 블랙,642
아디다스 가젤 인도어 세미 블루 버스트 올모스트 옐로우,181
(W) 나이키 코르테즈 애슬레틱 디파트먼트 페일 아이보리 딥 로얄 블루,42
아식스 젤 1130 와일드 도브 화이트 - 폴더 한정,279
(W) 호카 호파라 블랙,50
살로몬 RX 모크 3.0 퓨터 데저트,73
컨버스 x 다크쉐도우 터보웨폰 블랙 크림,247
아디다스 가젤 코어 블랙 화이트,243
호카 오라 리커버리 뮬 블랙,136
(W) 아디다스 가젤 볼드 원더 쿼츠 코어 블랙,706
나이키 에어포스 1 '07 화이트 유니버시티 블루,11772
메종 마르지엘라 카프스킨 레플리카 스니커즈,343
나이키 에어 줌 스피리돈 케이지 2 트리플 화이트,1933
아식스 젤 님버스 9 크림 블랙,962
컨버스 x 아더에러 척 70 하이 화이트,6596
아디다스 가젤 컬리지에이트 버건디,406
(W) 나이키 덩크 로우 로즈 위스퍼,408
(GS) 나이키 코트 버로우 로우 2 트리플 화이트,6635
(W) 아식스 x 스나이델 젤 1090 V2 실버,570
휠라 인터런 핑크 블라썸,147
나이키 x 트래비스 스캇 맥 어택 SP 라이트 스모크 그레이,524
나이키 줌 머큐리얼 베이퍼 15 프로 TF 브라이트 크림슨 화이트,1396
버켄스탁 A630 클로그 블랙,46
아디다스 x 스포티 앤 리치 스페지알 핸드볼 팬톤 코어 화이트,627
호카 호파라 2 쉬프팅 샌드,159
뉴발란스 991v2 메이드 인 UK 락 릿지 알로이 실버,164
나이키 P-6000 프리미엄 한글날 포톤 더스트 카키,44
살로몬 RX 슬라이드 3.0 아몬드 밀크 알로에 워시,89
아디다스 슈퍼스타 트리플 블랙,440
나이키 에어포스 1 미드 '07 WB 플랙스,2823
조던 1 x 트래비스 스캇 레트로 하이 OG SP 모카,5502
조던 1 레트로 하이 스파이더맨 넥스트 챕터,318
(W) 버켄스탁 보스턴 소프트 풋베드 스웨이드 레더 핑크 클레이 - 내로우,97
아디다스 아딜렛 22 그레이 파이브,153
(W) 헌터 플레이 쇼트 레인 부츠 징크 그레이,213
조던 1 로우 OG 스타피쉬,7974
나이키 줌X 인빈시블 런 플라이니트 3 화이트 포톤더스트,1065
우포스 x 타카히로미야시타 더 솔로이스트 더 데이 더 홀 월드 웬 어웨이 플립-플랍 블랙,26
아디다스 x 아트모스 아디매틱 화이트 블랙,56
푸마 스피드캣 OG 스파르코 블랙 화이트,244
(W) 킨 하이퍼포트 H2 샌들 버치 플라자 토프,5
(W) 아디다스 가젤 볼드 그린 클라우드 화이트,1098
나이키 에어포스 1 '07 프레쉬 포톤 더스트,443
(W) 나이키 덩크 로우 레트로 프리미엄 팀 레드 앤 화이트,2921
조던 4 x 나이키 SB 레트로 파인 그린,5445
나이키 에어 쿠키니 라탄 앤 파티클 그레이,225
(W) 나이키 에어맥스 97 넥스트 네이쳐 화이트,1269
나이키 코비 8 프로트로 베니스 비치,352
(GS) 나이키 코트 버로우 로우 리크래프트 화이트 핑크 폼,801
나이키 에어포스 1 미드 '07 컬러 오브 더 먼스 서밋 화이트,3494
아식스 젤 소노마 15-50 블랙 옵시디언 그레이,4794
(W) 조던 1 로우 화이트 아이스 블루,1166
뉴발란스 530 블랙,6655
살로몬 ACS 프로 메탈 고스트,51
나이키 에어 모어 업템포 슬라이드 블랙 화이트,400
나이키 덩크 로우 레트로 팀 레드,2490
뉴발란스 990v6 메이드 인 USA 그레이 - D 스탠다드,1343
닥터마틴 1461 스무스 블랙,792
나이키 SB 덩크 로우 프로 블랙 앤 클래식 그린,7021
살로몬 XT-윙스 2 ADV 블랙,433
나이키 x 피스마이너스원 에어포스 1 로우 파라노이즈 2.0,3113
아디다스 x 송 포 더 뮤트 컨트리 OG 그레이 투 코어 블랙,311
나이키 줌 보메로 5 SE 라이트 오어우드 브라운,821
살로몬 XT-4 블랙 실버 메탈릭,348
뉴발란스 2002R 프리미엄 빈티지 블랙,1420
아디다스 이지 부스트 350 V2 오닉스,8719
메종 미하라 야스히로 피터슨 OG 솔 캔버스 로우탑 스니커즈 내츄럴,761
아식스 젤 벤쳐 6 SPS 글레이셔 그레이,934
조던 1 로우 골프 울프 그레이,2717
나이키 코르테즈 화이트 블랙,865
나이키 줌X 베이퍼플라이 넥스트% 3 하이퍼 핑크,2621
컨버스 x 스투시 척 70 하이 플루메리아,2464
에르메스 바운싱 스니커즈 카프스킨 스웨이드 고트스킨 & 블랑,24
아디다스 이지 슬라이드 퓨어 - 재발매 버전,91
(W) 에르메스 아일랜드 샌들 & 누아,0
살로몬 x 꼼데가르송 슬립 온 플랫폼 블랙,557
아디다스 SL 72 RS 블루 코어 화이트,15
메종 미하라 야스히로 피터슨23 OG 솔 캔버스 로우탑 스니커즈 블랙,617
나이키 에어 줌 페가수스 40 엘리우드 킵초게,818
아식스 조그 100 S 화이트 그린 - 2E 와이드,4613
뉴발란스 1906R 실버 그린,120
나이키 x 스투시 에어맥스 2013 파슬,267
아디다스 이지 부스트 350 V2 지브라 2017/2019/2020,3089
온 러닝 x 포스트 아카이브 팩션 (파프) 클라우드몬스터 2 문더스트 초크,54
(W) 호카 호파라 2 쉬프팅 샌드,34
(W) 나이키 P-6000 코코넛 밀크 메탈릭 실버,121
나이키 줌X 스트릭플라이 화이트 클리어 제이드,1516
아식스 x 언어펙티드 젤 카야노 14 갤럭시 화이트,3661
